fila_original,grupo
0,1658
1,522
3,1918
4,908
5,2033
6,1030
8,1526
9,1528
10,1380
11,1789
12,2729
13,1037
14,1782
15,903
16,480
17,783
19,901
23,2655
24,2268
25,643
26,1767
27,1846
28,420
29,661
30,864
32,463
34,1338
35,768
37,1352
38,965
40,1991
41,135
43,715
44,706
45,2416
46,2092
47,1591
48,700
49,820
50,2054
51,934
52,2227
53,2234
54,1403
55,2316
56,1543
58,1941
59,1944
60,1817
61,2149
62,2774
63,1548
64,2141
65,1397
66,923
67,1257
68,943
69,1394
70,1935
71,2044
72,2751
73,2717
74,2439
75,1016
76,2126
77,2176
78,911
79,1035
80,1347
81,912
83,2768
85,1229
86,1365
87,1791
88,1467
89,1463
90,2284
91,845
92,2197
94,1087
95,2566
96,2352
97,1985
98,1072
99,1419
100,1184
101,473
103,1501
104,444
105,1636
106,663
107,1898
108,1014
109,1011
110,888
111,1428
113,665
114,1345
115,402
118,362
119,407
120,1000
121,1169
122,2605
123,2535
124,1890
125,266
126,1325
127,1426
131,325
133,2662
134,859
135,347
136,293
137,869
138,605
140,1601
141,562
142,1451
143,103
144,52
146,1725
147,1079
148,23
149,18
150,1830
151,696
153,2066
154,1055
155,2161
156,1268
157,2324
158,1699
159,1701
161,1952
162,2746
163,1271
164,1950
166,690
167,937
168,689
169,1052
170,1697
172,2716
174,2319
175,791
176,1926
177,1972
178,686
179,802
181,695
182,688
183,2740
184,1581
185,929
189,1115
190,2107
191,612
193,848
194,834
197,1734
200,1483
201,362
202,1757
203,1764
205,1888
206,867
207,2110
208,1333
210,1148
211,1620
212,2707
213,870
214,1618
216,286
217,640
218,278
219,744
220,1327
221,1479
222,2660
223,2607
224,2172
225,197
226,1714
227,1613
228,572
229,254
231,245
232,246
233,2703
235,624
236,728
237,1124
239,833
240,1871
241,86
242,1735
243,599
245,2349
246,1975
247,1438
248,587
249,697
250,2255
252,2400
253,2403
254,1708
255,2457
257,2556
258,2165
260,2072
261,2347
262,2798
264,2328
265,1706
266,1274
268,1273
269,1703
270,2164
272,2781
274,2554
275,1405
276,2345
277,2346
279,1411
280,1678
281,1267
282,1270
283,2800
284,2085
285,1560
286,1687
287,2064
288,1761
289,1755
291,1123
292,2369
294,1454
295,2634
296,2478
297,2193
298,1445
299,1712
300,856
301,278
302,1119
305,1319
306,259
307,1611
308,736
309,735
311,980
312,2606
315,235
316,218
318,211
319,241
320,732
321,852
323,2427
325,159
326,969
327,1059
330,150
331,568
332,569
333,2599
334,610
335,199
336,170
337,614
338,81
340,1299
341,71
342,1084
343,69
344,36
345,1974
347,822
348,6
349,553
351,806
353,2155
354,1263
355,2244
356,1407
357,2389
358,1823
361,2058
362,2760
363,1408
364,2052
367,1048
368,798
369,1256
370,1819
371,1940
372,2735
373,2695
374,2384
375,899
377,2084
378,817
380,1190
381,794
382,797
383,2765
384,1654
385,1040
387,1671
388,1422
390,2202
391,722
392,2103
393,967
394,955
395,2518
396,2275
397,1867
398,947
400,1343
401,414
402,1621
403,1628
404,653
405,1771
406,753
407,2008
408,1170
409,1174
410,997
411,1487
412,2690
413,759
414,1484
415,646
417,372
419,644
420,1156
421,1336
422,2652
423,2578
424,2077
425,227
427,1576
428,279
429,291
430,618
431,280
432,281
433,2683
434,979
435,303
437,985
438,714
440,1739
441,95
442,1597
443,92
444,47
445,2270
446,1858
447,1293
449,588
450,2136
452,2299
453,2306
454,1531
455,2380
456,1665
458,2034
459,2036
460,1923
461,2219
462,2785
463,1667
464,2218
465,1518
466,1021
467,1374
468,1020
469,1517
471,2131
472,2764
473,2727
474,2491
475,1157
476,2265
477,2267
478,1002
479,1191
481,1003
483,2783
484,1894
485,1357
486,1578
487,1903
488,1607
489,1606
490,2361
492,2280
493,1304
494,1298
497,2094
498,1291
499,1573
500,1031
501,517
502,1362
504,511
505,1525
506,510
508,910
509,909
510,787
511,1219
513,512
514,1203
515,492
516,474
517,500
519,493
520,902
521,1027
522,2577
523,2492
524,1848
525,338
526,1165
527,1180
529,431
530,307
532,417
533,2636
536,377
538,144
539,136
540,1459
541,131
542,1303
543,126
544,59
546,1587
547,950
548,28
549,559
550,1675
551,536
552,1920
553,1930
555,2043
556,1043
557,2225
559,1540
560,1393
561,1852
562,2730
563,1045
564,1801
565,916
566,507
567,795
569,913
570,1532
571,1666
572,2700
574,2216
575,658
576,1847
578,472
579,676
580,874
581,479
582,496
583,2723
585,781
586,883
587,1367
588,968
589,966
591,145
592,1875
593,719
595,2417
598,702
599,821
600,1649
601,497
602,1900
603,1911
604,897
605,2021
606,1023
607,2213
609,1508
610,1364
611,1778
612,2728
613,1025
614,1774
615,889
616,430
617,777
620,1502
622,2687
623,2641
624,2266
625,634
626,1844
627,1766
628,362
629,652
631,371
632,364
633,2720
634,1328
635,754
636,866
637,1339
642,1872
643,713
644,705
645,2414
648,699
649,939
650,1919
651,793
652,2123
653,2133
654,1222
655,2221
656,1376
657,2375
658,1790
659,1796
660,1659
661,2082
662,2758
663,1384
664,2023
665,1206
666,778
667,1029
668,776
669,1202
670,1784
672,2733
673,2691
674,2372
675,871
676,2078
677,2079
678,762
679,884
680,1141
682,772
683,2754
684,1626
685,1009
686,1162
689,1306
690,2195
691,716
693,961
694,951
695,2516
696,2271
697,1865
698,945
699,1068
700,1379
701,521
702,1648
703,1657
707,2027
709,1232
710,1033
711,1522
712,2694
713,790
715,678
717,505
719,674
720,1210
721,1370
723,2581
724,2016
725,341
726,1579
727,1499
729,435
730,638
733,2686
734,994
735,451
736,650
739,718
740,1743
741,134
743,128
745,2273
746,1862
747,1297
749,590
751,319
753,1616
754,633
755,1759
756,740
758,1138
759,1136
761,1577
762,2689
763,741
764,1476
765,628
766,251
767,284
768,244
770,1127
771,1320
773,2575
774,2001
775,174
776,1574
777,1575
778,570
779,221
780,609
781,219
782,215
783,2682
784,970
785,230
786,613
787,974
788,710
789,709
790,1736
791,79
792,1595
793,77
794,41
795,2269
796,1856
797,1292
798,9
799,586
802,2158
803,2163
804,1275
805,2252
807,2399
808,1833
809,1835
810,1702
811,2087
812,2762
814,2067
815,1272
816,808
818,550
820,1831
822,2736
825,926
826,2050
827,2086
830,1234
831,804
832,805
833,2756
834,1679
835,1050
836,1252
837,1690
838,1424
840,2203
841,727
842,2105
845,2520
846,2276
847,1869
848,949
849,1280
850,2309
851,1399
853,2442
854,1809
857,2584
858,2229
859,2231
860,2140
861,2381
863,1933
865,1803
866,1375
867,1668
868,1373
869,1799
870,2224
871,2307
872,2786
873,2757
874,2582
875,1495
876,2406
877,2407
878,1360
879,1513
880,1765
881,1430
882,1371
883,2805
884,2174
885,1651
886,1773
887,2127
889,1876
890,2483
892,2421
893,1605
894,1594
895,2657
896,2515
897,2274
898,1584
899,1721
900,779
901,497
902,1004
903,1026
904,485
905,1200
906,484
907,1505
909,671
910,491
911,896
912,2583
913,488
914,891
915,456
916,421
918,414
920,669
921,770
922,2485
923,2370
924,1493
925,298
927,875
928,363
929,376
931,364
932,365
934,312
935,391
936,328
937,385
938,133
939,122
940,130
941,118
942,958
944,54
945,1863
947,704
948,25
950,1658
951,522
953,1918
954,908
955,2033
956,1030
958,1526
959,1528
960,1380
961,1850
962,2729
963,1037
964,1782
965,903
966,480
967,783
969,901
972,2688
973,2654
974,2212
975,643
977,1772
978,420
979,661
980,864
981,427
982,463
983,2721
984,1338
985,768
987,1352
988,1058
990,1991
991,135
993,715
994,706
995,2415
996,2091
997,1590
998,700
999,819
1000,1658
1001,522
1003,1918
1004,908
1005,2033
1006,1030
1008,1526
1009,1528
1010,1380
1011,1850
1012,2729
1013,1037
1014,1782
1015,903
1016,480
1017,783
1019,901
1023,2642
1024,2268
1025,643
1026,1767
1027,1772
1028,420
1029,661
1030,864
1031,427
1032,463
1033,2732
1034,1338
1035,768
1037,1352
1038,965
1040,1991
1041,135
1043,715
1044,706
1045,2415
1046,2091
1047,1590
1048,700
1049,940
1050,886
1052,1164
1053,1182
1054,441
1055,1353
1057,1629
1058,771
1059,769
1061,1005
1062,2612
1063,447
1065,400
1066,373
1067,424
1068,362
1070,756
1071,880
1073,2433
1074,1716
1075,263
1076,986
1077,989
1079,330
1080,237
1081,320
1086,290
1087,642
1089,114
1090,1302
1091,108
1092,1095
1093,101
1094,50
1095,1981
1096,1441
1097,828
1098,21
1099,556
1100,1378
1101,520
1102,1647
1103,1656
1104,680
1106,784
1107,2026
1109,1231
1110,1032
1111,1521
1112,2693
1113,789
1115,677
1116,477
1117,503
1119,673
1121,1369
1122,2653
1124,2081
1126,1491
1129,433
1130,637
1134,993
1135,450
1136,649
1137,1006
1138,812
1139,717
1140,1742
1141,132
1143,127
1144,60
1146,1861
1147,1296
1148,29
1149,693
1150,348
1151,362
1152,739
1155,872
1158,358
1159,349
1160,351
1161,641
1162,2489
1163,342
1165,306
1167,321
1168,278
1169,309
1170,310
1172,2364
1173,2205
1174,1281
1175,195
1176,694
1177,623
1178,571
1179,253
1180,178
1181,247
1182,245
1184,210
1185,268
1186,220
1187,262
1188,97
1190,835
1191,85
1192,708
1193,84
1194,43
1196,946
1197,38
1199,554
1200,1046
1201,546
1203,1401
1204,540
1205,1546
1206,539
1207,1811
1208,928
1209,930
1210,801
1212,2647
1213,543
1214,1245
1215,531
1216,525
1217,537
1219,529
1220,927
1221,1044
1223,2495
1224,1798
1225,446
1226,1284
1227,1221
1228,498
1229,509
1231,584
1232,516
1233,2639
1234,775
1236,482
1237,786
1238,182
1240,1466
1241,154
1242,1308
1243,148
1244,75
1245,2098
1246,1592
1248,34
1249,561
1251,278
1252,973
1253,981
1254,258
1256,257
1257,1472
1258,630
1260,269
1262,2576
1264,853
1265,234
1267,248
1268,211
1269,240
1271,731
1273,2368
1274,1469
1275,158
1277,849
1278,184
1279,190
1280,149
1281,568
1282,186
1283,2571
1284,163
1285,198
1286,168
1287,194
1289,73
1290,1089
1291,70
1292,953
1293,68
1294,35
1295,1857
1296,1290
1297,701
1298,4
1299,1
1300,1698
1302,1948
1303,1953
1306,1054
1309,1561
1311,1855
1312,2731
1313,1056
1314,1824
1315,936
1317,807
1318,545
1321,1692
1322,2701
1323,2656
1324,2237
1325,682
1326,1853
1327,1814
1328,534
1329,687
1332,542
1333,2726
1334,1387
1335,800
1337,1400
1338,978
1339,971
1340,2000
1342,1879
1343,724
1346,2097
1347,1596
1348,703
1349,824
1350,201
1351,211
1352,171
1354,193
1355,615
1356,192
1357,847
1358,209
1359,202
1360,203
1361,191
1363,196
1364,181
1365,176
1366,164
1367,184
1368,164
1369,179
1370,180
1371,177
1372,2262
1373,1996
1376,564
1377,566
1378,152
1380,129
1383,2357
1384,141
1386,146
1387,157
1388,65
1389,58
1391,57
1392,53
1393,56
1394,31
1396,698
1398,3
1399,0
1400,1241
1402,1523
1403,1537
1405,1672
1407,1922
1410,922
1411,1389
1412,2672
1414,1381
1415,514
1417,524
1418,499
1419,515
1420,1034
1421,1224
1422,2626
1423,2538
1424,1912
1425,389
1426,1429
1427,1431
1428,469
1429,483
1430,355
1431,583
1432,470
1433,2664
1434,881
1435,490
1436,437
1438,608
1439,607
1442,1456
1443,138
1444,67
1445,2185
1446,1729
1447,1082
1448,32
1449,560
1450,635
1451,313
1452,855
1453,862
1455,987
1456,295
1457,1322
1458,311
1460,305
1461,738
1462,2532
1464,737
1465,270
1466,244
1467,278
1468,244
1470,274
1471,627
1473,2286
1474,1423
1475,172
1476,813
1477,729
1478,212
1479,212
1480,162
1482,214
1483,2523
1488,88
1490,956
1495,1723
1496,1070
1497,593
1498,8
1499,7
1500,1504
1501,476
1502,1769
1503,1775
1504,773
1505,1904
1506,892
1508,1356
1509,1358
1510,1189
1514,1630
1515,761
1517,659
1518,580
1519,760
1520,1349
1522,2663
1525,275
1526,1615
1527,1715
1528,322
1529,360
1531,327
1532,361
1533,2704
1535,645
1536,814
1537,1153
1538,841
1540,1873
1543,600
1544,597
1545,2351
1546,1977
1548,589
1549,810
1550,449
1554,436
1555,767
1556,434
1557,998
1558,459
1559,452
1560,454
1561,432
1564,411
1565,397
1566,362
1567,414
1568,362
1569,403
1570,408
1571,398
1572,1470
1573,2114
1574,991
1575,255
1576,297
1577,578
1578,313
1579,314
1581,576
1582,315
1583,2425
1585,343
1586,285
1588,125
1589,109
1590,117
1591,105
1592,93
1593,99
1595,1444
1596,823
1597,44
1598,19
1599,15
1601,502
1602,1181
1603,1201
1605,1368
1606,486
1608,780
1609,782
1610,672
1611,1022
1612,2613
1614,1015
1615,464
1616,429
1618,419
1619,458
1621,893
1622,2530
1623,2435
1625,300
1626,1063
1627,996
1629,382
1631,370
1632,412
1633,2603
1634,639
1635,395
1636,332
1638,140
1639,124
1640,1305
1642,1098
1643,116
1644,55
1645,1984
1646,1442
1647,829
1648,27
1649,558
1650,878
1651,414
1652,1147
1653,1166
1654,384
1655,1342
1656,383
1657,1623
1658,757
1659,755
1660,655
1661,995
1664,992
1667,368
1668,313
1669,356
1670,749
1671,873
1672,2527
1673,2431
1674,1617
1676,1060
1678,278
1680,206
1681,279
1682,280
1683,2600
1685,302
1686,252
1687,632
1688,111
1689,98
1690,1301
1691,94
1692,1092
1694,46
1695,1979
1699,555
1701,468
1702,1488
1703,1500
1704,443
1706,662
1707,1897
1708,1013
1709,1010
1710,887
1712,2668
1713,664
1714,1344
1715,401
1716,374
1717,426
1718,366
1719,406
1720,999
1721,1168
1724,1889
1725,265
1726,1324
1727,1425
1728,317
1729,333
1731,324
1732,318
1733,2661
1734,858
1735,346
1736,292
1737,868
1738,603
1740,1600
1741,110
1744,51
1745,2180
1746,1724
1747,1078
1748,22
1749,557
1753,885
1754,439
1755,1008
1756,438
1757,1346
1758,460
1759,453
1760,455
1761,765
1762,2536
1763,445
1764,758
1765,399
1767,422
1768,362
1769,404
1771,656
1772,2462
1773,2288
1774,1331
1775,261
1776,815
1778,314
1779,329
1780,236
1781,315
1783,2526
1784,277
1786,287
1787,339
1789,112
1790,959
1791,106
1793,100
1794,49
1795,1727
1796,1075
1800,619
1801,244
1802,850
1804,224
1806,223
1807,1313
1808,242
1809,231
1810,232
1811,730
1812,2529
1813,228
1814,726
1815,205
1817,216
1818,184
1820,208
1821,616
1822,2420
1823,2285
1824,1312
1825,147
1828,164
1829,169
1832,166
1833,2521
1834,151
1835,175
1836,156
1838,72
1839,66
1841,64
1842,831
1843,62
1844,33
1845,1720
1846,1066
1847,591
1848,5
1849,2
1850,1264
1852,1542
1853,1554
1854,549
1855,1691
1856,691
1857,1946
1858,1049
1859,1051
1860,932
1861,1406
1862,2674
1863,692
1865,544
1866,538
1867,547
1868,533
1869,541
1870,1047
1871,1259
1872,2611
1873,2545
1875,489
1879,526
1880,465
1881,523
1882,530
1883,2666
1884,905
1885,528
1886,508
1887,921
1888,617
1889,611
1890,1609
1891,167
1892,1461
1893,160
1894,83
1895,2190
1896,1731
1897,1085
1898,39
1899,37
1900,1780
1901,679
1902,2014
1903,2022
1904,1024
1905,2128
1906,1199
1907,2296
1911,1909
1913,1205
1914,1901
1916,660
1917,895
1918,418
1919,1012
1920,1642
1921,1776
1922,2705
1923,2667
1924,2291
1925,742
1926,1887
1927,1971
1929,752
1930,982
1931,648
1933,2738
1935,879
1936,990
1937,1492
1938,1104
1939,1101
1940,2101
1941,604
1943,839
1944,830
1945,2472
1946,2179
1947,1728
1949,944
1950,393
1951,414
1953,392
1954,381
1956,380
1957,748
1958,410
1959,394
1960,396
1961,379
1962,2292
1963,386
1964,359
1965,350
1966,313
1967,362
1968,313
1970,357
1971,352
1972,567
1975,222
1977,289
1978,573
1979,283
1980,204
1981,279
1982,280
1984,243
1985,301
1986,250
1988,107
1990,104
1991,94
1992,87
1993,90
1994,45
1995,1076
1996,594
1997,42
2000,886
2002,1164
2003,1182
2004,441
2005,1353
2007,1629
2008,771
2009,769
2011,1005
2012,2612
2013,447
2015,400
2016,373
2017,424
2020,756
2021,880
2023,2433
2025,263
2026,986
2028,314
2029,330
2030,237
2036,290
2037,642
2039,114
2040,1302
2041,108
2042,1095
2043,101
2044,50
2047,827
2048,21
2049,17
2050,886
2052,1164
2053,1182
2054,441
2055,1353
2057,1629
2058,771
2059,769
2061,1005
2062,2612
2063,447
2065,400
2066,373
2067,424
2068,362
2070,756
2071,880
2072,2561
2073,2433
2075,263
2077,989
2079,330
2080,237
2081,320
2086,290
2087,642
2089,114
2090,1302
2091,108
2092,1095
2093,101
2094,50
2097,827
2098,21
2099,17
2100,2236
2101,1262
2102,2383
2103,2386
2105,2448
2106,1816
2107,2543
2108,2150
2109,2151
2110,2056
2111,2343
2112,2796
2113,1821
2114,2311
2115,1677
2116,1240
2118,1235
2119,1676
2120,2144
2121,2232
2123,2742
2124,2540
2126,2339
2127,2340
2128,1215
2129,1382
2130,1631
2131,1216
2132,1233
2133,2790
2134,2019
2135,1527
2136,1646
2137,2032
2138,1749
2139,1748
2140,2424
2141,1110
2144,1448
2145,2632
2147,2187
2150,2454
2151,1704
2152,2550
2153,2553
2154,2068
2155,2589
2156,2159
2157,2649
2158,2397
2159,2398
2160,2325
2161,2506
2162,2817
2163,2162
2166,1694
2167,1955
2168,1693
2170,2395
2171,2452
2172,2806
2173,2788
2174,2646
2176,2514
2177,2501
2178,1683
2179,1820
2180,2028
2181,1719
2182,1685
2183,2816
2184,2308
2186,2041
2187,2315
2189,2106
2190,2574
2191,1610
2192,2525
2194,1870
2195,2702
2196,2598
2198,1859
2199,2076
2200,1921
2201,1237
2202,2125
2203,2134
2204,1228
2205,2222
2206,1383
2207,2376
2208,1800
2209,1797
2210,1663
2211,2031
2212,2759
2214,2025
2215,1207
2216,1196
2217,1217
2218,1192
2219,1208
2220,1785
2221,1914
2222,2734
2223,2692
2224,2373
2225,1154
2226,2010
2227,2080
2228,1177
2229,1186
2231,1178
2232,1185
2234,1627
2235,1188
2236,1163
2237,1639
2238,1310
2239,1307
2240,2196
2241,1103
2242,2100
2243,1102
2244,1083
2245,2517
2246,2272
2247,1866
2248,1069
2249,1278
2250,2331
2252,2455
2253,2458
2254,1839
2255,2509
2256,1961
2257,2591
2259,2257
2260,2168
2262,2803
2263,1964
2264,2402
2265,1837
2266,1414
2268,1413
2269,1836
2271,2330
2272,2787
2273,2761
2274,2590
2275,1550
2276,2408
2277,2409
2278,1409
2279,1563
2281,1433
2282,1412
2284,2154
2285,1700
2286,1854
2288,1884
2289,1881
2290,2487
2291,1317
2292,2428
2293,1612
2294,1599
2295,2659
2298,1589
2299,1842
2300,2120
2301,1193
2302,2289
2303,2295
2304,1503
2306,1638
2307,2490
2308,2017
2309,2015
2310,1902
2311,2210
2312,2784
2313,1640
2317,1351
2318,1158
2319,1497
2320,2012
2321,2117
2323,2725
2324,2488
2325,1130
2326,2263
2327,2264
2329,1150
2332,1149
2335,1334
2336,1478
2337,1891
2338,1604
2339,1598
2340,2359
2341,1097
2342,2278
2343,1300
2344,1295
2346,2412
2347,2090
2348,1288
2349,1572
2350,2559
2351,1969
2353,2625
2354,2261
2355,2650
2356,2335
2358,2512
2359,2513
2360,2461
2361,2593
2362,2823
2363,2336
2364,2592
2367,2169
2368,1966
2369,2259
2370,2511
2371,2558
2372,2818
2373,2804
2374,2697
2376,2594
2377,2595
2379,2073
2380,2247
2381,1973
2382,1963
2383,2822
2384,2468
2385,2166
2386,2249
2388,2293
2389,2287
2391,1886
2393,2111
2394,2102
2395,2737
2396,2658
2397,2522
2398,2096
2400,1624
2401,1158
2402,1883
2403,1892
2405,2006
2406,1151
2407,2206
2409,1485
2411,1763
2412,2724
2413,1155
2414,1760
2415,1140
2416,1134
2417,1146
2418,1133
2419,1143
2421,1619
2423,2637
2424,2204
2425,1116
2426,1753
2427,1843
2428,1121
2430,1114
2431,1122
2433,2719
2434,1315
2436,1118
2437,1321
2438,1096
2439,1094
2441,1091
2443,1090
2444,1077
2446,2088
2447,1585
2448,1064
2449,1277
2450,2401
2451,1568
2452,2505
2453,2507
2454,1958
2455,2555
2456,2070
2457,2621
2458,2327
2459,2329
2460,2250
2461,2470
2462,2811
2463,2071
2464,2453
2465,1957
2467,1832
2468,1557
2472,2792
2473,2776
2474,2620
2475,1674
2478,1582
2480,1924
2481,1552
2482,1556
2483,2814
2484,2233
2485,1825
2486,1938
2488,2004
2491,1471
2492,2484
2494,1738
2496,2569
2497,2356
2498,1726
2500,2024
2501,1212
2503,2215
2504,1366
2505,2300
2509,1916
2511,2122
2512,2772
2513,1516
2514,2121
2515,1359
2517,1195
2519,1355
2520,1905
2522,2749
2523,2709
2524,2434
2525,1139
2527,2115
2528,1282
2529,1172
2530,1323
2532,1171
2533,2767
2535,1173
2536,1329
2537,1770
2538,1458
2540,2281
2541,1100
2543,1099
2544,1081
2545,2564
2546,2350
2548,1067
2549,1418
2552,2585
2553,2586
2554,2152
2556,2239
2557,2676
2558,2449
2559,2450
2561,2546
2562,2821
2563,2241
2564,2544
2565,2146
2567,2048
2568,1851
2571,2499
2573,2793
2574,2670
2576,2562
2577,2539
2578,1786
2579,1925
2580,2119
2581,1787
2582,1804
2583,2819
2584,2374
2587,2379
2588,2201
2589,2200
2590,2601
2591,1746
2592,2572
2593,1993
2594,1987
2595,2718
2596,2629
2597,2476
2598,1976
2599,2170
2601,1261
2603,2051
2604,1255
2605,2148
2606,1254
2607,2310
2610,1547
2611,1937
2612,2745
2614,1927
2615,1243
2616,1238
2618,1235
2619,1244
2620,1673
2621,1808
2622,2708
2623,2671
2624,2304
2626,1910
2627,1917
2628,1285
2629,1227
2630,1167
2631,1213
2632,1214
2633,2739
2635,1223
2636,1197
2637,1524
2638,1113
2639,1111
2640,2104
2641,1109
2642,1992
2643,1106
2644,1086
2645,2477
2646,2182
2648,1071
2649,1279
2650,2245
2651,1266
2652,2388
2653,2392
2654,1695
2655,2451
2656,1827
2657,2549
2658,2156
2659,2157
2660,2060
2662,2797
2663,1829
2664,2321
2665,1686
2666,1251
2667,1553
2668,1249
2669,1684
2670,2153
2671,2240
2672,2780
2673,2744
2674,2542
2675,1372
2676,2303
2680,1644
2681,1239
2682,1246
2683,2791
2684,2030
2686,1655
2688,1752
2689,1750
2690,2426
2692,2363
2693,1465
2694,1449
2695,2633
2696,2475
2697,2189
2698,1439
2699,1711
2700,2226
2701,1247
2702,2377
2703,2382
2704,1670
2705,2441
2706,1806
2707,2541
2708,2138
2709,2139
2710,2040
2711,2341
2712,2794
2713,1810
2714,2305
2715,1664
2716,1218
2717,1534
2718,1211
2719,1660
2720,2135
2722,2778
2723,2741
2724,2537
2727,2298
2728,1283
2729,1363
2730,1625
2731,1194
2732,1204
2733,2789
2734,2013
2735,1507
2736,1632
2737,2020
2738,1747
2739,1744
2740,2423
2742,2360
2743,1457
2744,1447
2745,2630
2746,2471
2747,2184
2748,1435
2749,1583
2750,2387
2752,2496
2753,2500
2754,1939
2756,2053
2758,2314
2759,2318
2760,2238
2761,2447
2762,2815
2763,2057
2765,1934
2767,1813
2768,1533
2770,2312
2771,2385
2773,2773
2774,2615
2775,1641
2777,2464
2778,1519
2779,1662
2780,1899
2782,1530
2783,2808
2786,1907
2788,1999
2789,1995
2790,2524
2791,1462
2793,1745
2794,1733
2795,2679
2798,1722
2799,1970
2800,2055
2801,931
2802,2228
2803,2235
2804,1404
2807,2445
2808,1942
2809,1945
2810,1818
2811,2177
2812,2775
2813,1549
2814,2142
2815,1398
2816,917
2817,1250
2818,517
2819,1395
2821,2045
2822,2750
2823,2711
2824,2440
2825,1017
2826,2124
2827,2132
2828,906
2829,1036
2830,1348
2832,915
2833,2769
2834,1777
2835,1230
2836,1361
2837,1792
2840,2283
2841,843
2842,2198
2843,1108
2844,1088
2845,2567
2846,2353
2848,1073
2849,1420
2851,882
2852,2207
2854,1340
2855,2290
2856,1490
2857,2432
2858,1895
2859,1896
2860,1768
2861,2116
2862,2771
2863,1494
2864,2112
2865,1337
2867,1160
2868,313
2869,1332
2870,1893
2872,2748
2873,2706
2874,2430
2875,975
2876,2171
2877,2109
2878,860
2879,984
2882,863
2883,2766
2884,1754
2885,1135
2886,1318
2887,1758
2888,1453
2889,1452
2890,2279
2891,837
2892,2192
2893,1093
2894,1080
2895,2563
2897,1978
2898,1065
2899,1287
2901,1571
2902,2508
2903,2510
2905,2557
2906,2074
2907,2623
2908,2333
2909,2334
2910,2258
2911,2460
2912,2812
2913,2075
2914,2459
2916,1570
2917,1841
2918,1567
2919,1962
2920,2332
2921,2404
2922,2801
2923,2777
2924,2622
2925,1696
2926,2467
2927,2469
2928,1564
2929,1705
2930,1947
2931,1565
2932,1566
2933,2809
2934,2248
2935,1834
2936,1951
2937,2251
2938,2009
2939,2005
2940,2533
2941,1477
2942,2486
2947,2358
2948,1730
2949,1864
2952,2645
2953,2648
2954,2323
2957,2714
2958,2551
2960,2503
2961,2619
2963,2394
2964,2617
2965,2322
2966,2049
2967,2242
2968,2047
2969,2320
2971,2587
2972,2820
2973,2810
2975,2130
2977,2628
2978,2037
2979,2143
2980,2297
2981,2038
2982,2046
2984,2494
2985,2230
2986,2302
2987,2497
2988,2367
2990,2675
2995,2753
2996,2678
2997,2568
2999,2337
3000,1536
3001,532
3004,796
3005,1929
3007,2137
3008,1391
3009,1392
3010,1242
3011,1669
3012,2713
3013,925
3014,1661
3015,792
3017,683
3018,497
3019,788
3020,1386
3021,1529
3023,2614
3024,2129
3025,387
3026,1718
3028,467
3030,751
3031,471
3032,494
3033,2715
3034,1175
3036,764
3037,1198
3038,846
3039,842
3040,1877
3041,142
3042,1741
3044,598
3046,1983
3047,1446
3049,811
3050,2236
3051,1262
3052,2383
3053,2386
3055,2448
3056,1816
3057,2543
3058,2150
3059,2151
3060,2056
3062,2795
3063,1821
3064,2311
3065,1677
3066,1240
3068,1235
3069,1676
3070,2144
3071,2232
3072,2779
3073,2742
3074,2540
3076,2339
3077,2301
3078,1215
3079,1382
3080,1631
3081,1216
3082,1233
3083,2790
3084,2019
3085,1527
3086,1646
3087,2032
3088,1749
3089,1748
3090,2424
3091,1110
3094,1448
3095,2631
3096,2473
3097,2186
3099,1709
3100,2236
3101,1262
3102,2383
3103,2386
3105,2448
3106,1816
3107,2543
3108,2150
3109,2151
3110,2056
3112,2796
3113,1821
3114,2311
3115,1677
3116,1240
3118,1235
3119,1676
3120,2144
3121,2232
3122,2779
3123,2743
3124,2540
3126,2339
3127,2340
3128,1215
3129,1382
3130,1631
3131,1286
3132,1233
3133,2790
3134,2019
3135,1527
3136,1646
3137,2032
3138,1749
3139,1748
3140,2424
3141,1110
3144,1448
3145,2631
3146,2473
3147,2186
3149,1709
