Modelo,Estrategia,F1,F1_std,Recall,Precision,ROC_AUC,Accuracy,Tiempo_s
Naive Bayes,Submuestreo,0.3089991827262366,0.08518990965036206,0.6148351648351648,0.20743390066919476,0.7776354973286643,0.8171497584541063,0.12456154823303223
Naive Bayes,SMOTE,0.302899102082089,0.05959776985092311,0.5725274725274725,0.20726930595012089,0.7615262881009318,0.8234721635945782,0.11578178405761719
Regresión logística,Submuestreo,0.2980036250116065,0.06883947474041648,0.6747252747252747,0.19213185272793007,0.7804289083110327,0.7885511936588341,0.1492617130279541
SVM lineal,Submuestreo,0.2910680863377904,0.07423014680297411,0.6456043956043956,0.18867563135952192,0.7781305455123461,0.7890366305520378,0.12021136283874512
SVM,Submuestreo,0.29041275548123424,0.06673444307420348,0.6747252747252747,0.18590511579046637,0.7614072968266621,0.7798297453215141,0.12141728401184082
SVM lineal,class_weight,0.28706632800815013,0.05867835624881448,0.6313186813186812,0.18645168640813045,0.7761438731281672,0.7924253083814079,0.10889673233032227
Naive Bayes,Sin balanceo,0.28678608530688326,0.08952503682254749,0.3587912087912088,0.24084886681945505,0.7719552468257131,0.8811617653956194,0.09797787666320801
Regresión logística,class_weight,0.2858176319934073,0.06345709291128528,0.6538461538461539,0.1835588577093278,0.7795251084192147,0.7827212607288587,0.13939833641052246
SVM lineal,SMOTE,0.28343225869228156,0.06149351307609763,0.6164835164835164,0.1844980558889852,0.7708103950777201,0.7933961821678157,0.12351799011230469
Regresión logística,SMOTE,0.27867713328099486,0.06672020658248569,0.6307692307692306,0.1794644783658691,0.7774703329917061,0.7832090427278271,0.15465497970581055
Red neuronal (MLP),Submuestreo,0.27676872978896616,0.06674815692177229,0.6747252747252747,0.17463658701029366,0.7779661077264703,0.7643051451620467,0.8412601947784424
Stacking,Submuestreo,0.27366696862413725,0.055953073658274774,0.6818681318681319,0.1718380395420081,0.7607782666922887,0.7599596641808545,5.506036043167114
AdaBoost,SMOTE,0.2722956485131711,0.05430675063001834,0.6532967032967033,0.1729707856281814,0.7713564501129268,0.7725599174522773,0.5274837017059326
SVM,SMOTE,0.269738301836077,0.07876114266503,0.5357142857142857,0.18141342146151967,0.6811708355871244,0.8074738520707283,1.6116502285003662
SVM,class_weight,0.2646065958942062,0.06692206486970705,0.5725274725274725,0.17314290599810173,0.7223615371567119,0.7895361380798274,0.6740248203277588
AdaBoost,Submuestreo,0.2589500396887053,0.060680065151243134,0.6521978021978022,0.1623385927572121,0.7621371396306629,0.7531588574644716,0.3655261993408203
Red neuronal (MLP),SMOTE,0.25518470215964345,0.05400087536323415,0.5434065934065935,0.1674955910024401,0.7125676582161362,0.7900145396557384,21.136428356170654
Gradient Boosting,SMOTE,0.242539731848322,0.06473154028718876,0.4406593406593407,0.16951023943314644,0.6748696137357892,0.8239857417569532,0.8436233997344971
KNN,Submuestreo,0.23078922133972143,0.04642802722685125,0.6461538461538462,0.14095130875316633,0.7287714154638539,0.7148750058627644,0.13286662101745605
Gradient Boosting,Submuestreo,0.21579152503133597,0.03468101468670689,0.6258241758241759,0.13054841483668386,0.7118057285439086,0.7022395760048777,0.3576204776763916
Random Forest,class_weight,0.21105564737378163,0.09937657978677877,0.27362637362637365,0.1756951133549599,0.7224483081145969,0.8690446039116363,1.4182560443878174
KNN,SMOTE,0.19858719972082864,0.06134647374213616,0.4489010989010989,0.12807650513792337,0.5797494718418456,0.7618873411190845,5.310311794281006
Random Forest,Submuestreo,0.19237871160108105,0.026747488917834353,0.6763736263736264,0.11226965093233048,0.7085907918991631,0.6294943951972234,1.0379750728607178
Bagging,Submuestreo,0.19161783601425747,0.03164569795547986,0.5961538461538461,0.11443344098679567,0.67298497729602,0.6741194127855168,0.1975255012512207
Stacking,SMOTE,0.19155101499339772,0.049000581498437196,0.360989010989011,0.13113874860881405,0.6350321580405778,0.8001899535669059,21.22943925857544
KNN,Sin balanceo,0.18721928824230616,0.11102915041416356,0.13296703296703297,0.3525,0.6304895086023647,0.9272618545096384,10.28019380569458
Árbol de decisión,class_weight,0.18530226095743338,0.11314580977276843,0.19945054945054946,0.1772927072927073,0.5699381853304295,0.8889357910041742,0.11685991287231445
Árbol de decisión,Sin balanceo,0.1810894534417773,0.09937662415741842,0.1686813186813187,0.2010610223110223,0.5561623764566608,0.896681675343558,0.11095499992370605
Random Forest,SMOTE,0.17564400511035066,0.050937701834881395,0.3307692307692308,0.12047857793561137,0.6211752423418551,0.7943670559542235,2.5306766033172607
Árbol de decisión,Submuestreo,0.1722355739037452,0.03905928560060529,0.5802197802197802,0.10123270915131381,0.6069824746982293,0.6372426246423712,0.11037731170654297
Bagging,SMOTE,0.1715201850089818,0.07303905357447134,0.31758241758241756,0.11855403532230331,0.618087652308831,0.8016392289292247,0.3297748565673828
Árbol de decisión,SMOTE,0.161661508435116,0.055736464130388255,0.3241758241758242,0.10876241004793819,0.5632780546579932,0.7778809624314056,0.12575244903564453
Bagging,Sin balanceo,0.16146909764529901,0.13507457750662635,0.1318681318681319,0.21473304473304472,0.6887181815108467,0.9131818395009615,0.22081327438354492
Random Forest,Sin balanceo,0.10802622498274672,0.08357164250069025,0.08076923076923077,0.16857142857142857,0.7305168654747669,0.9112424370339103,1.2800235748291016
Gradient Boosting,Sin balanceo,0.07093137254901961,0.073965390479943,0.04395604395604395,0.21666666666666665,0.7411509266046993,0.9267693822991416,0.5712594985961914
SVM,Sin balanceo,0.04011904761904762,0.06141299636436069,0.022527472527472527,0.2,0.4988655275531896,0.9340462454856713,0.2717313766479492
Regresión logística,Sin balanceo,0.02761904761904762,0.05527913089878648,0.014835164835164835,0.2,0.780749124580083,0.9325899348060597,0.11399388313293457
Stacking,Sin balanceo,0.0125,0.037500000000000006,0.007142857142857143,0.05,0.7250106610250716,0.9335608085924674,7.950088262557983
SVM lineal,Sin balanceo,0.0,0.0,0.0,0.0,0.7777049348535747,0.9335608085924674,0.10393977165222168
Red neuronal (MLP),Sin balanceo,0.0,0.0,0.0,0.0,0.7781817599498947,0.9325899348060597,2.370426893234253
AdaBoost,Sin balanceo,0.0,0.0,0.0,0.0,0.7762437813158344,0.9340462454856713,0.4358329772949219
