,count,mean,std,min,25%,50%,75%,max
fallas_llamadas,2511.0,7.730784547988849,7.32370517646152,0.0,1.0,6.0,12.0,35.0
quejas,2511.0,0.07765830346475508,0.2676864363707686,0.0,0.0,0.0,0.0,1.0
antiguedad,2511.0,32.577060931899645,8.656546211660428,3.0,30.0,35.0,38.0,47.0
nivel_cargo,2511.0,0.9685384309040223,1.5525989695268587,0.0,0.0,0.0,1.0,10.0
segundos_uso,2511.0,4509.148944643568,4221.783909510702,0.0,1417.5,3020.0,6431.5,16980.0
frecuencia_uso,2511.0,69.70888092393469,57.68412471215049,0.0,27.0,54.0,94.5,254.0
frecuencia_sms,2511.0,72.23855037833532,111.76057595582371,0.0,6.0,21.0,85.0,522.0
numeros_distintos,2511.0,23.401831939466348,17.070390379787977,0.0,10.0,21.0,33.0,97.0
grupo_edad,2511.0,2.8275587415372363,0.8900362441891723,1.0,2.0,3.0,3.0,5.0
plan_tarifario,2511.0,1.0760653126244524,0.26515538952304807,1.0,1.0,1.0,1.0,2.0
edad,2511.0,30.967741935483872,8.801674666277194,15.0,25.0,30.0,30.0,55.0
abandono,2511.0,0.1561131023496615,0.3630348308330499,0.0,0.0,0.0,0.0,1.0
