,fallas_llamadas,quejas,antiguedad,nivel_cargo,segundos_uso,frecuencia_uso,frecuencia_sms,numeros_distintos,grupo_edad,plan_tarifario,edad,abandono
fallas_llamadas,1.0,0.21587268268895468,0.4064829045626492,0.5901567504539081,0.651428472078927,0.7313881837333174,0.2988002130955071,0.621489554064,0.2406301918336698,0.3110660255287398,0.2406301918336698,0.0
quejas,0.21587268268895468,1.0,0.21376374550597102,0.10639949698960657,0.2246622797040075,0.18568815151330298,0.17066723837271355,0.1037065302383427,0.062139430639288895,0.0,0.062139430639288895,0.7470236980069498
antiguedad,0.4064829045626492,0.21376374550597102,1.0,0.2781814174070382,0.40379921694893944,0.46328114170147167,0.48353094525770024,0.4997032233790498,0.358885563881843,0.2924427989855097,0.358885563881843,0.312302904857175
nivel_cargo,0.5901567504539081,0.10639949698960657,0.2781814174070382,1.0,0.5742253696599212,0.5240482409148809,0.26778362235444086,0.4532936589605584,0.4451729070233618,0.3933438647037571,0.4451729070233618,0.24815603925932878
segundos_uso,0.651428472078927,0.2246622797040075,0.40379921694893944,0.5742253696599212,1.0,0.9275035416037586,0.7054662828616914,0.8136702944727763,0.6172853536568029,0.4025264100348901,0.6172853536568029,0.4640212926775687
frecuencia_uso,0.7313881837333174,0.18568815151330298,0.46328114170147167,0.5240482409148809,0.9275035416037586,1.0,0.6661369553524792,0.8653587071655652,0.5130085453961568,0.5289241967522279,0.5130085453961568,0.4352969114765833
frecuencia_sms,0.2988002130955071,0.17066723837271355,0.48353094525770024,0.26778362235444086,0.7054662828616914,0.6661369553524792,1.0,0.5477907934212982,0.38082735253421496,0.5603686912328943,0.38082735253421496,0.33148418354510695
numeros_distintos,0.621489554064,0.1037065302383427,0.4997032233790498,0.4532936589605584,0.8136702944727763,0.8653587071655652,0.5477907934212982,1.0,0.5173041528727236,0.29805640162291375,0.5173041528727236,0.3792798054324631
grupo_edad,0.2406301918336698,0.062139430639288895,0.358885563881843,0.4451729070233618,0.6172853536568029,0.5130085453961568,0.38082735253421496,0.5173041528727236,1.0,0.15241531680087753,1.0,0.1094892646032542
plan_tarifario,0.3110660255287398,0.0,0.2924427989855097,0.3933438647037571,0.4025264100348901,0.5289241967522279,0.5603686912328943,0.29805640162291375,0.15241531680087753,1.0,0.15241531680087755,0.16091425510384522
edad,0.2406301918336698,0.062139430639288895,0.358885563881843,0.4451729070233618,0.6172853536568029,0.5130085453961568,0.38082735253421496,0.5173041528727236,1.0,0.15241531680087755,1.0,0.1094892646032542
abandono,0.0,0.7470236980069498,0.312302904857175,0.24815603925932878,0.4640212926775687,0.4352969114765833,0.33148418354510695,0.3792798054324631,0.1094892646032542,0.16091425510384522,0.1094892646032542,1.0
