Nombre,F1,F1_std,Precision,Recall
StandardScaler,0.5972176649561038,0.06315591126471344,0.4544389377646664,0.8804294624930055
ANOVA k=1,0.5480406440932846,0.09102413725415594,0.8336965932618107,0.4129977617589941
ANOVA k=2,0.532747159029134,0.05651982596840046,0.4028382510202163,0.7964293472894243
ANOVA k=3,0.5476329190577132,0.0617111194867408,0.4183624637862657,0.8041956321385075
ANOVA k=4,0.551625655880673,0.06140730636157756,0.421049496745076,0.8117628616569567
ANOVA k=5,0.5507818753989769,0.055174321209831935,0.4158206596456505,0.8268941937395082
ANOVA k=6,0.5665861742517684,0.06807458739281737,0.42937926073755567,0.8450385931996971
ANOVA k=7,0.5586282934263214,0.06404019490169958,0.4223694504316235,0.8373462855073894
ANOVA k=8,0.5588369344011447,0.07111689675694065,0.42267883562220393,0.8374103880714919
ANOVA k=9,0.5665319082832823,0.06509812783287776,0.4308366541860315,0.839910388071492
ANOVA k=10,0.5728831025680423,0.07298277897109472,0.43690886998927264,0.8447884368519798
