fila_original,grupo,particion_validacion
0,1658,4
1,522,1
3,1918,4
4,908,7
5,2033,4
6,1030,2
8,1526,10
9,1528,1
10,1380,6
11,1789,6
12,2729,8
13,1037,7
14,1782,10
15,903,9
16,480,3
17,783,3
19,901,9
23,2655,1
24,2268,8
25,643,3
26,1767,7
27,1846,6
28,420,3
29,661,2
30,864,10
32,463,9
34,1338,9
35,768,2
37,1352,3
38,965,3
40,1991,2
41,135,10
43,715,6
44,706,10
45,2416,7
46,2092,7
47,1591,2
48,700,7
49,820,6
50,2054,5
51,934,1
52,2227,10
53,2234,6
54,1403,3
55,2316,8
56,1543,6
58,1941,10
59,1944,8
60,1817,3
61,2149,6
62,2774,3
63,1548,5
64,2141,4
65,1397,1
66,923,8
67,1257,3
68,943,8
69,1394,9
70,1935,5
71,2044,10
72,2751,7
73,2717,6
74,2439,6
75,1016,8
76,2126,2
77,2176,10
78,911,1
79,1035,10
80,1347,9
81,912,2
83,2768,2
85,1229,9
86,1365,10
87,1791,5
88,1467,9
89,1463,5
90,2284,10
91,845,2
92,2197,8
94,1087,7
95,2566,5
96,2352,7
97,1985,3
98,1072,4
99,1419,7
100,1184,9
101,473,2
103,1501,1
104,444,6
105,1636,7
106,663,7
107,1898,4
108,1014,8
109,1011,9
110,888,2
111,1428,6
113,665,3
114,1345,7
115,402,10
118,362,6
119,407,10
120,1000,10
121,1169,7
122,2605,3
123,2535,6
124,1890,10
125,266,6
126,1325,4
127,1426,1
131,325,4
133,2662,3
134,859,8
135,347,4
136,293,4
137,869,1
138,605,3
140,1601,10
141,562,6
142,1451,10
143,103,5
144,52,9
146,1725,3
147,1079,3
148,23,2
149,18,7
150,1830,6
151,696,5
153,2066,10
154,1055,4
155,2161,6
156,1268,10
157,2324,4
158,1699,7
159,1701,4
161,1952,6
162,2746,5
163,1271,2
164,1950,3
166,690,10
167,937,10
168,689,6
169,1052,1
170,1697,4
172,2716,2
174,2319,10
175,791,7
176,1926,2
177,1972,3
178,686,8
179,802,2
181,695,8
182,688,9
183,2740,5
184,1581,4
185,929,2
189,1115,3
190,2107,8
191,612,9
193,848,9
194,834,5
197,1734,2
200,1483,2
201,362,6
202,1757,10
203,1764,4
205,1888,4
206,867,3
207,2110,2
208,1333,8
210,1148,9
211,1620,7
212,2707,9
213,870,3
214,1618,4
216,286,6
217,640,6
218,278,9
219,744,4
220,1327,9
221,1479,2
222,2660,7
223,2607,5
224,2172,8
225,197,6
226,1714,7
227,1613,7
228,572,6
229,254,5
231,245,8
232,246,7
233,2703,6
235,624,3
236,728,1
237,1124,5
239,833,4
240,1871,10
241,86,10
242,1735,9
243,599,2
245,2349,7
246,1975,1
247,1438,7
248,587,2
249,697,9
250,2255,1
252,2400,4
253,2403,3
254,1708,7
255,2457,8
257,2556,2
258,2165,10
260,2072,9
261,2347,3
262,2798,2
264,2328,9
265,1706,1
266,1274,8
268,1273,10
269,1703,5
270,2164,10
272,2781,7
274,2554,5
275,1405,6
276,2345,9
277,2346,5
279,1411,10
280,1678,8
281,1267,7
282,1270,3
283,2800,8
284,2085,8
285,1560,6
286,1687,4
287,2064,7
288,1761,5
289,1755,6
291,1123,9
292,2369,4
294,1454,4
295,2634,10
296,2478,3
297,2193,9
298,1445,5
299,1712,4
300,856,3
301,278,9
302,1119,5
305,1319,3
306,259,3
307,1611,9
308,736,9
309,735,5
311,980,5
312,2606,6
315,235,10
316,218,8
318,211,5
319,241,3
320,732,8
321,852,9
323,2427,7
325,159,9
326,969,10
327,1059,6
330,150,4
331,568,7
332,569,10
333,2599,4
334,610,1
335,199,9
336,170,1
337,614,9
338,81,4
340,1299,5
341,71,5
342,1084,10
343,69,6
344,36,10
345,1974,6
347,822,5
348,6,3
349,553,1
351,806,2
353,2155,6
354,1263,9
355,2244,4
356,1407,10
357,2389,3
358,1823,9
361,2058,4
362,2760,4
363,1408,5
364,2052,9
367,1048,7
368,798,2
369,1256,1
370,1819,5
371,1940,4
372,2735,5
373,2695,5
374,2384,1
375,899,10
377,2084,9
378,817,6
380,1190,7
381,794,8
382,797,10
383,2765,7
384,1654,3
385,1040,2
387,1671,2
388,1422,7
390,2202,9
391,722,1
392,2103,4
393,967,4
394,955,4
395,2518,6
396,2275,1
397,1867,9
398,947,3
400,1343,1
401,414,8
402,1621,5
403,1628,10
404,653,5
405,1771,2
406,753,4
407,2008,3
408,1170,5
409,1174,3
410,997,5
411,1487,1
412,2690,9
413,759,7
414,1484,9
415,646,2
417,372,10
419,644,8
420,1156,7
421,1336,2
422,2652,5
423,2578,3
424,2077,3
425,227,4
427,1576,3
428,279,10
429,291,5
430,618,8
431,280,3
432,281,3
433,2683,2
434,979,8
435,303,8
437,985,3
438,714,1
440,1739,8
441,95,2
442,1597,7
443,92,1
444,47,4
445,2270,2
446,1858,9
447,1293,2
449,588,5
450,2136,5
452,2299,4
453,2306,3
454,1531,2
455,2380,2
456,1665,5
458,2034,4
459,2036,5
460,1923,6
461,2219,5
462,2785,3
463,1667,9
464,2218,2
465,1518,3
466,1021,1
467,1374,6
468,1020,6
469,1517,10
471,2131,1
472,2764,2
473,2727,7
474,2491,4
475,1157,9
476,2265,2
477,2267,5
478,1002,10
479,1191,1
481,1003,5
483,2783,10
484,1894,4
485,1357,1
486,1578,4
487,1903,8
488,1607,8
489,1606,4
490,2361,4
492,2280,7
493,1304,8
494,1298,9
497,2094,1
498,1291,7
499,1573,7
500,1031,7
501,517,3
502,1362,6
504,511,3
505,1525,3
506,510,4
508,910,2
509,909,2
510,787,2
511,1219,5
513,512,4
514,1203,9
515,492,7
516,474,10
517,500,10
519,493,6
520,902,6
521,1027,6
522,2577,6
523,2492,3
524,1848,3
525,338,5
526,1165,9
527,1180,8
529,431,6
530,307,2
532,417,4
533,2636,2
536,377,10
538,144,3
539,136,10
540,1459,3
541,131,8
542,1303,10
543,126,3
544,59,8
546,1587,1
547,950,1
548,28,8
549,559,3
550,1675,7
551,536,7
552,1920,5
553,1930,8
555,2043,1
556,1043,7
557,2225,8
559,1540,2
560,1393,6
561,1852,6
562,2730,1
563,1045,1
564,1801,6
565,916,8
566,507,4
567,795,3
569,913,3
570,1532,5
571,1666,6
572,2700,1
574,2216,4
575,658,5
576,1847,8
578,472,5
579,676,7
580,874,7
581,479,8
582,496,7
583,2723,4
585,781,2
586,883,4
587,1367,3
588,968,7
589,966,8
591,145,1
592,1875,8
593,719,9
595,2417,1
598,702,7
599,821,10
600,1649,6
601,497,2
602,1900,10
603,1911,9
604,897,10
605,2021,9
606,1023,7
607,2213,3
609,1508,1
610,1364,7
611,1778,3
612,2728,4
613,1025,4
614,1774,8
615,889,8
616,430,9
617,777,6
620,1502,6
622,2687,4
623,2641,8
624,2266,5
625,634,3
626,1844,9
627,1766,1
628,362,6
629,652,2
631,371,1
632,364,5
633,2720,9
634,1328,6
635,754,7
636,866,4
637,1339,6
642,1872,4
643,713,1
644,705,6
645,2414,5
648,699,6
649,939,7
650,1919,8
651,793,10
652,2123,3
653,2133,8
654,1222,3
655,2221,6
656,1376,5
657,2375,10
658,1790,10
659,1796,10
660,1659,2
661,2082,2
662,2758,7
663,1384,7
664,2023,6
665,1206,4
666,778,6
667,1029,7
668,776,3
669,1202,6
670,1784,4
672,2733,7
673,2691,6
674,2372,9
675,871,3
676,2078,8
677,2079,1
678,762,1
679,884,6
680,1141,10
682,772,1
683,2754,3
684,1626,7
685,1009,7
686,1162,4
689,1306,5
690,2195,2
691,716,10
693,961,8
694,951,3
695,2516,10
696,2271,2
697,1865,2
698,945,8
699,1068,8
700,1379,7
701,521,5
702,1648,5
703,1657,5
707,2027,9
709,1232,4
710,1033,2
711,1522,8
712,2694,3
713,790,3
715,678,2
717,505,8
719,674,4
720,1210,4
721,1370,8
723,2581,10
724,2016,2
725,341,5
726,1579,1
727,1499,3
729,435,1
730,638,1
733,2686,1
734,994,5
735,451,4
736,650,7
739,718,2
740,1743,4
741,134,2
743,128,6
745,2273,7
746,1862,9
747,1297,9
749,590,9
751,319,2
753,1616,5
754,633,3
755,1759,1
756,740,4
758,1138,10
759,1136,9
761,1577,6
762,2689,1
763,741,5
764,1476,9
765,628,9
766,251,8
767,284,3
768,244,2
770,1127,2
771,1320,1
773,2575,3
774,2001,2
775,174,6
776,1574,3
777,1575,5
778,570,3
779,221,4
780,609,7
781,219,5
782,215,10
783,2682,8
784,970,1
785,230,7
786,613,7
787,974,7
788,710,3
789,709,7
790,1736,9
791,79,5
792,1595,8
793,77,2
794,41,2
795,2269,7
796,1856,7
797,1292,8
798,9,3
799,586,5
802,2158,6
803,2163,2
804,1275,4
805,2252,3
807,2399,10
808,1833,5
809,1835,8
810,1702,7
811,2087,3
812,2762,4
814,2067,3
815,1272,10
816,808,2
818,550,1
820,1831,8
822,2736,1
825,926,5
826,2050,5
827,2086,10
830,1234,7
831,804,2
832,805,9
833,2756,5
834,1679,6
835,1050,8
836,1252,3
837,1690,8
838,1424,10
840,2203,2
841,727,3
842,2105,10
845,2520,8
846,2276,5
847,1869,10
848,949,9
849,1280,6
850,2309,3
851,1399,5
853,2442,10
854,1809,1
857,2584,7
858,2229,5
859,2231,3
860,2140,9
861,2381,10
863,1933,3
865,1803,7
866,1375,9
867,1668,3
868,1373,10
869,1799,7
870,2224,5
871,2307,5
872,2786,1
873,2757,3
874,2582,9
875,1495,4
876,2406,2
877,2407,7
878,1360,4
879,1513,5
880,1765,7
881,1430,1
882,1371,1
883,2805,8
884,2174,4
885,1651,5
886,1773,3
887,2127,8
889,1876,6
890,2483,2
892,2421,6
893,1605,10
894,1594,4
895,2657,4
896,2515,7
897,2274,2
898,1584,5
899,1721,9
900,779,4
901,497,2
902,1004,7
903,1026,2
904,485,5
905,1200,5
906,484,4
907,1505,2
909,671,1
910,491,3
911,896,8
912,2583,8
913,488,7
914,891,9
915,456,1
916,421,2
918,414,8
920,669,2
921,770,3
922,2485,6
923,2370,2
924,1493,6
925,298,3
927,875,5
928,363,9
929,376,1
931,364,5
932,365,9
934,312,10
935,391,3
936,328,7
937,385,8
938,133,1
939,122,4
940,130,6
941,118,7
942,958,1
944,54,7
945,1863,6
947,704,2
948,25,1
950,1658,4
951,522,1
953,1918,4
954,908,7
955,2033,4
956,1030,2
958,1526,10
959,1528,1
960,1380,6
961,1850,8
962,2729,8
963,1037,7
964,1782,10
965,903,9
966,480,3
967,783,3
969,901,9
972,2688,10
973,2654,3
974,2212,4
975,643,3
977,1772,10
978,420,3
979,661,2
980,864,10
981,427,8
982,463,9
983,2721,2
984,1338,9
985,768,2
987,1352,3
988,1058,1
990,1991,2
991,135,10
993,715,6
994,706,10
995,2415,8
996,2091,9
997,1590,1
998,700,7
999,819,3
1000,1658,4
1001,522,1
1003,1918,4
1004,908,7
1005,2033,4
1006,1030,2
1008,1526,10
1009,1528,1
1010,1380,6
1011,1850,8
1012,2729,8
1013,1037,7
1014,1782,10
1015,903,9
1016,480,3
1017,783,3
1019,901,9
1023,2642,8
1024,2268,8
1025,643,3
1026,1767,7
1027,1772,10
1028,420,3
1029,661,2
1030,864,10
1031,427,8
1032,463,9
1033,2732,6
1034,1338,9
1035,768,2
1037,1352,3
1038,965,3
1040,1991,2
1041,135,10
1043,715,6
1044,706,10
1045,2415,8
1046,2091,9
1047,1590,1
1048,700,7
1049,940,10
1050,886,5
1052,1164,8
1053,1182,7
1054,441,2
1055,1353,9
1057,1629,4
1058,771,3
1059,769,4
1061,1005,10
1062,2612,4
1063,447,4
1065,400,7
1066,373,10
1067,424,1
1068,362,6
1070,756,6
1071,880,8
1073,2433,5
1074,1716,6
1075,263,3
1076,986,3
1077,989,5
1079,330,5
1080,237,6
1081,320,5
1086,290,5
1087,642,5
1089,114,2
1090,1302,3
1091,108,6
1092,1095,6
1093,101,7
1094,50,9
1095,1981,3
1096,1441,8
1097,828,3
1098,21,9
1099,556,2
1100,1378,6
1101,520,6
1102,1647,5
1103,1656,10
1104,680,6
1106,784,9
1107,2026,5
1109,1231,8
1110,1032,8
1111,1521,1
1112,2693,10
1113,789,8
1115,677,4
1116,477,7
1117,503,7
1119,673,4
1121,1369,6
1122,2653,8
1124,2081,10
1126,1491,3
1129,433,8
1130,637,7
1134,993,1
1135,450,8
1136,649,3
1137,1006,10
1138,812,8
1139,717,1
1140,1742,7
1141,132,8
1143,127,7
1144,60,3
1146,1861,10
1147,1296,8
1148,29,7
1149,693,1
1150,348,3
1151,362,6
1152,739,3
1155,872,5
1158,358,7
1159,349,7
1160,351,8
1161,641,4
1162,2489,9
1163,342,2
1165,306,4
1167,321,9
1168,278,9
1169,309,3
1170,310,9
1172,2364,8
1173,2205,8
1174,1281,9
1175,195,10
1176,694,3
1177,623,2
1178,571,1
1179,253,4
1180,178,7
1181,247,6
1182,245,8
1184,210,5
1185,268,8
1186,220,8
1187,262,3
1188,97,1
1190,835,8
1191,85,4
1192,708,5
1193,84,2
1194,43,8
1196,946,6
1197,38,10
1199,554,3
1200,1046,7
1201,546,2
1203,1401,9
1204,540,5
1205,1546,4
1206,539,4
1207,1811,5
1208,928,1
1209,930,4
1210,801,10
1212,2647,6
1213,543,10
1214,1245,3
1215,531,4
1216,525,5
1217,537,4
1219,529,8
1220,927,4
1221,1044,3
1223,2495,9
1224,1798,2
1225,446,1
1226,1284,5
1227,1221,4
1228,498,4
1229,509,3
1231,584,5
1232,516,2
1233,2639,1
1234,775,9
1236,482,7
1237,786,10
1238,182,2
1240,1466,1
1241,154,4
1242,1308,1
1243,148,1
1244,75,3
1245,2098,6
1246,1592,6
1248,34,5
1249,561,6
1251,278,9
1252,973,5
1253,981,9
1254,258,10
1256,257,8
1257,1472,1
1258,630,3
1260,269,7
1262,2576,2
1264,853,1
1265,234,9
1267,248,1
1268,211,5
1269,240,5
1271,731,5
1273,2368,9
1274,1469,10
1275,158,5
1277,849,5
1278,184,7
1279,190,5
1280,149,10
1281,568,7
1282,186,1
1283,2571,8
1284,163,7
1285,198,8
1286,168,1
1287,194,9
1289,73,2
1290,1089,1
1291,70,5
1292,953,9
1293,68,9
1294,35,10
1295,1857,9
1296,1290,6
1297,701,10
1298,4,8
1299,1,5
1300,1698,5
1302,1948,3
1303,1953,4
1306,1054,9
1309,1561,10
1311,1855,3
1312,2731,9
1313,1056,3
1314,1824,7
1315,936,8
1317,807,1
1318,545,4
1321,1692,8
1322,2701,3
1323,2656,9
1324,2237,5
1325,682,5
1326,1853,1
1327,1814,9
1328,534,10
1329,687,1
1332,542,1
1333,2726,2
1334,1387,8
1335,800,2
1337,1400,8
1338,978,10
1339,971,8
1340,2000,5
1342,1879,2
1343,724,2
1346,2097,9
1347,1596,7
1348,703,8
1349,824,10
1350,201,6
1351,211,5
1352,171,8
1354,193,4
1355,615,5
1356,192,10
1357,847,3
1358,209,6
1359,202,3
1360,203,9
1361,191,7
1363,196,10
1364,181,8
1365,176,2
1366,164,4
1367,184,7
1368,164,4
1369,179,4
1370,180,4
1371,177,9
1372,2262,10
1373,1996,2
1376,564,9
1377,566,4
1378,152,7
1380,129,1
1383,2357,10
1384,141,6
1386,146,3
1387,157,8
1388,65,10
1389,58,9
1391,57,9
1392,53,2
1393,56,2
1394,31,10
1396,698,5
1398,3,1
1399,0,4
1400,1241,3
1402,1523,7
1403,1537,3
1405,1672,8
1407,1922,3
1410,922,3
1411,1389,8
1412,2672,3
1414,1381,9
1415,514,7
1417,524,6
1418,499,2
1419,515,6
1420,1034,10
1421,1224,3
1422,2626,9
1423,2538,9
1424,1912,7
1425,389,5
1426,1429,8
1427,1431,2
1428,469,4
1429,483,1
1430,355,2
1431,583,5
1432,470,3
1433,2664,2
1434,881,2
1435,490,7
1436,437,5
1438,608,3
1439,607,5
1442,1456,3
1443,138,10
1444,67,6
1445,2185,10
1446,1729,5
1447,1082,9
1448,32,3
1449,560,6
1450,635,1
1451,313,4
1452,855,6
1453,862,8
1455,987,4
1456,295,2
1457,1322,4
1458,311,6
1460,305,5
1461,738,9
1462,2532,2
1464,737,6
1465,270,7
1466,244,2
1467,278,9
1468,244,2
1470,274,6
1471,627,9
1473,2286,4
1474,1423,5
1475,172,5
1476,813,9
1477,729,10
1478,212,1
1479,212,1
1480,162,3
1482,214,7
1483,2523,10
1488,88,2
1490,956,6
1495,1723,2
1496,1070,8
1497,593,2
1498,8,6
1499,7,5
1500,1504,2
1501,476,4
1502,1769,7
1503,1775,2
1504,773,8
1505,1904,1
1506,892,3
1508,1356,8
1509,1358,3
1510,1189,6
1514,1630,7
1515,761,7
1517,659,4
1518,580,7
1519,760,4
1520,1349,4
1522,2663,2
1525,275,2
1526,1615,8
1527,1715,8
1528,322,5
1529,360,1
1531,327,1
1532,361,10
1533,2704,9
1535,645,4
1536,814,4
1537,1153,7
1538,841,1
1540,1873,1
1543,600,10
1544,597,4
1545,2351,6
1546,1977,6
1548,589,4
1549,810,2
1550,449,10
1554,436,9
1555,767,3
1556,434,1
1557,998,7
1558,459,1
1559,452,3
1560,454,4
1561,432,10
1564,411,2
1565,397,6
1566,362,6
1567,414,8
1568,362,6
1569,403,9
1570,408,7
1571,398,7
1572,1470,6
1573,2114,4
1574,991,6
1575,255,1
1576,297,4
1577,578,2
1578,313,4
1579,314,1
1581,576,4
1582,315,10
1583,2425,10
1585,343,9
1586,285,1
1588,125,8
1589,109,6
1590,117,4
1591,105,7
1592,93,2
1593,99,7
1595,1444,5
1596,823,10
1597,44,6
1598,19,7
1599,15,7
1601,502,1
1602,1181,7
1603,1201,6
1605,1368,2
1606,486,9
1608,780,8
1609,782,5
1610,672,5
1611,1022,8
1612,2613,9
1614,1015,3
1615,464,9
1616,429,8
1618,419,5
1619,458,8
1621,893,10
1622,2530,8
1623,2435,6
1625,300,10
1626,1063,7
1627,996,2
1629,382,3
1631,370,2
1632,412,6
1633,2603,8
1634,639,6
1635,395,6
1636,332,2
1638,140,7
1639,124,4
1640,1305,8
1642,1098,6
1643,116,2
1644,55,4
1645,1984,6
1646,1442,8
1647,829,10
1648,27,8
1649,558,7
1650,878,2
1651,414,8
1652,1147,7
1653,1166,2
1654,384,8
1655,1342,9
1656,383,9
1657,1623,4
1658,757,1
1659,755,6
1660,655,4
1661,995,10
1664,992,5
1667,368,8
1668,313,4
1669,356,4
1670,749,10
1671,873,8
1672,2527,1
1673,2431,1
1674,1617,8
1676,1060,6
1678,278,9
1680,206,6
1681,279,10
1682,280,3
1683,2600,7
1685,302,5
1686,252,3
1687,632,3
1688,111,4
1689,98,4
1690,1301,6
1691,94,10
1692,1092,3
1694,46,9
1695,1979,1
1699,555,3
1701,468,1
1702,1488,5
1703,1500,9
1704,443,8
1706,662,8
1707,1897,7
1708,1013,5
1709,1010,9
1710,887,3
1712,2668,9
1713,664,10
1714,1344,1
1715,401,1
1716,374,3
1717,426,6
1718,366,9
1719,406,9
1720,999,8
1721,1168,4
1724,1889,2
1725,265,7
1726,1324,6
1727,1425,3
1728,317,7
1729,333,9
1731,324,8
1732,318,9
1733,2661,4
1734,858,1
1735,346,5
1736,292,7
1737,868,7
1738,603,3
1740,1600,2
1741,110,1
1744,51,3
1745,2180,3
1746,1724,4
1747,1078,10
1748,22,5
1749,557,8
1753,885,2
1754,439,10
1755,1008,4
1756,438,5
1757,1346,5
1758,460,8
1759,453,6
1760,455,2
1761,765,10
1762,2536,4
1763,445,4
1764,758,2
1765,399,8
1767,422,1
1768,362,6
1769,404,9
1771,656,10
1772,2462,1
1773,2288,7
1774,1331,8
1775,261,8
1776,815,8
1778,314,1
1779,329,6
1780,236,3
1781,315,10
1783,2526,4
1784,277,10
1786,287,8
1787,339,3
1789,112,10
1790,959,9
1791,106,2
1793,100,7
1794,49,5
1795,1727,7
1796,1075,8
1800,619,2
1801,244,2
1802,850,4
1804,224,2
1806,223,10
1807,1313,10
1808,242,2
1809,231,5
1810,232,4
1811,730,10
1812,2529,1
1813,228,4
1814,726,6
1815,205,8
1817,216,1
1818,184,7
1820,208,8
1821,616,10
1822,2420,9
1823,2285,5
1824,1312,8
1825,147,2
1828,164,4
1829,169,6
1832,166,8
1833,2521,10
1834,151,7
1835,175,9
1836,156,7
1838,72,5
1839,66,1
1841,64,2
1842,831,2
1843,62,10
1844,33,6
1845,1720,4
1846,1066,10
1847,591,9
1848,5,7
1849,2,6
1850,1264,8
1852,1542,10
1853,1554,5
1854,549,6
1855,1691,8
1856,691,10
1857,1946,6
1858,1049,10
1859,1051,8
1860,932,4
1861,1406,9
1862,2674,8
1863,692,6
1865,544,10
1866,538,4
1867,547,3
1868,533,9
1869,541,9
1870,1047,1
1871,1259,4
1872,2611,10
1873,2545,8
1875,489,8
1879,526,4
1880,465,10
1881,523,8
1882,530,6
1883,2666,8
1884,905,1
1885,528,5
1886,508,6
1887,921,2
1888,617,5
1889,611,3
1890,1609,10
1891,167,6
1892,1461,3
1893,160,1
1894,83,7
1895,2190,4
1896,1731,9
1897,1085,9
1898,39,1
1899,37,1
1900,1780,9
1901,679,5
1902,2014,4
1903,2022,4
1904,1024,4
1905,2128,1
1906,1199,10
1907,2296,1
1911,1909,7
1913,1205,2
1914,1901,10
1916,660,2
1917,895,4
1918,418,7
1919,1012,6
1920,1642,8
1921,1776,7
1922,2705,8
1923,2667,5
1924,2291,6
1925,742,2
1926,1887,9
1927,1971,7
1929,752,10
1930,982,3
1931,648,1
1933,2738,3
1935,879,5
1936,990,7
1937,1492,1
1938,1104,6
1939,1101,10
1940,2101,5
1941,604,3
1943,839,10
1944,830,7
1945,2472,2
1946,2179,3
1947,1728,10
1949,944,2
1950,393,9
1951,414,8
1953,392,4
1954,381,1
1956,380,1
1957,748,6
1958,410,8
1959,394,9
1960,396,9
1961,379,4
1962,2292,9
1963,386,5
1964,359,1
1965,350,6
1966,313,4
1967,362,6
1968,313,4
1970,357,6
1971,352,9
1972,567,8
1975,222,9
1977,289,2
1978,573,9
1979,283,1
1980,204,6
1981,279,10
1982,280,3
1984,243,4
1985,301,3
1986,250,8
1988,107,9
1990,104,6
1991,94,10
1992,87,8
1993,90,6
1994,45,4
1995,1076,5
1996,594,3
1997,42,2
2000,886,5
2002,1164,8
2003,1182,7
2004,441,2
2005,1353,9
2007,1629,4
2008,771,3
2009,769,4
2011,1005,10
2012,2612,4
2013,447,4
2015,400,7
2016,373,10
2017,424,1
2020,756,6
2021,880,8
2023,2433,5
2025,263,3
2026,986,3
2028,314,1
2029,330,5
2030,237,6
2036,290,5
2037,642,5
2039,114,2
2040,1302,3
2041,108,6
2042,1095,6
2043,101,7
2044,50,9
2047,827,1
2048,21,9
2049,17,2
2050,886,5
2052,1164,8
2053,1182,7
2054,441,2
2055,1353,9
2057,1629,4
2058,771,3
2059,769,4
2061,1005,10
2062,2612,4
2063,447,4
2065,400,7
2066,373,10
2067,424,1
2068,362,6
2070,756,6
2071,880,8
2072,2561,4
2073,2433,5
2075,263,3
2077,989,5
2079,330,5
2080,237,6
2081,320,5
2086,290,5
2087,642,5
2089,114,2
2090,1302,3
2091,108,6
2092,1095,6
2093,101,7
2094,50,9
2097,827,1
2098,21,9
2099,17,2
2100,2236,10
2101,1262,8
2102,2383,1
2103,2386,3
2105,2448,2
2106,1816,7
2107,2543,4
2108,2150,1
2109,2151,6
2110,2056,1
2111,2343,8
2112,2796,5
2113,1821,8
2114,2311,5
2115,1677,5
2116,1240,3
2118,1235,1
2119,1676,8
2120,2144,1
2121,2232,1
2123,2742,10
2124,2540,10
2126,2339,2
2127,2340,9
2128,1215,4
2129,1382,9
2130,1631,7
2131,1216,5
2132,1233,9
2133,2790,8
2134,2019,2
2135,1527,7
2136,1646,4
2137,2032,5
2138,1749,6
2139,1748,5
2140,2424,6
2141,1110,3
2144,1448,2
2145,2632,9
2147,2187,6
2150,2454,7
2151,1704,7
2152,2550,3
2153,2553,5
2154,2068,8
2155,2589,7
2156,2159,8
2157,2649,7
2158,2397,7
2159,2398,4
2160,2325,4
2161,2506,1
2162,2817,5
2163,2162,5
2166,1694,2
2167,1955,1
2168,1693,2
2170,2395,5
2171,2452,1
2172,2806,7
2173,2788,10
2174,2646,5
2176,2514,2
2177,2501,10
2178,1683,8
2179,1820,3
2180,2028,1
2181,1719,7
2182,1685,2
2183,2816,2
2184,2308,2
2186,2041,6
2187,2315,8
2189,2106,8
2190,2574,1
2191,1610,1
2192,2525,9
2194,1870,1
2195,2702,5
2196,2598,9
2198,1859,2
2199,2076,4
2200,1921,4
2201,1237,10
2202,2125,7
2203,2134,1
2204,1228,7
2205,2222,2
2206,1383,5
2207,2376,6
2208,1800,3
2209,1797,1
2210,1663,5
2211,2031,3
2212,2759,2
2214,2025,8
2215,1207,10
2216,1196,3
2217,1217,1
2218,1192,4
2219,1208,4
2220,1785,6
2221,1914,10
2222,2734,4
2223,2692,10
2224,2373,1
2225,1154,10
2226,2010,3
2227,2080,1
2228,1177,6
2229,1186,1
2231,1178,10
2232,1185,6
2234,1627,8
2235,1188,9
2236,1163,2
2237,1639,8
2238,1310,2
2239,1307,7
2240,2196,2
2241,1103,3
2242,2100,2
2243,1102,7
2244,1083,8
2245,2517,1
2246,2272,4
2247,1866,10
2248,1069,10
2249,1278,7
2250,2331,6
2252,2455,4
2253,2458,7
2254,1839,5
2255,2509,1
2256,1961,3
2257,2591,10
2259,2257,6
2260,2168,7
2262,2803,6
2263,1964,1
2264,2402,6
2265,1837,9
2266,1414,5
2268,1413,6
2269,1836,7
2271,2330,5
2272,2787,1
2273,2761,7
2274,2590,1
2275,1550,5
2276,2408,4
2277,2409,9
2278,1409,7
2279,1563,6
2281,1433,3
2282,1412,7
2284,2154,6
2285,1700,8
2286,1854,3
2288,1884,10
2289,1881,5
2290,2487,5
2291,1317,3
2292,2428,3
2293,1612,9
2294,1599,1
2295,2659,6
2298,1589,1
2299,1842,5
2300,2120,7
2301,1193,7
2302,2289,9
2303,2295,1
2304,1503,2
2306,1638,9
2307,2490,3
2308,2017,1
2309,2015,2
2310,1902,7
2311,2210,5
2312,2784,9
2313,1640,6
2317,1351,1
2318,1158,4
2319,1497,3
2320,2012,2
2321,2117,2
2323,2725,1
2324,2488,6
2325,1130,4
2326,2263,1
2327,2264,9
2329,1150,1
2332,1149,5
2335,1334,7
2336,1478,3
2337,1891,1
2338,1604,7
2339,1598,10
2340,2359,6
2341,1097,9
2342,2278,7
2343,1300,9
2344,1295,4
2346,2412,10
2347,2090,1
2348,1288,2
2349,1572,6
2350,2559,6
2351,1969,5
2353,2625,9
2354,2261,8
2355,2650,3
2356,2335,8
2358,2512,7
2359,2513,4
2360,2461,2
2361,2593,6
2362,2823,8
2363,2336,5
2364,2592,10
2367,2169,9
2368,1966,6
2369,2259,2
2370,2511,1
2371,2558,4
2372,2818,5
2373,2804,7
2374,2697,9
2376,2594,4
2377,2595,6
2379,2073,10
2380,2247,8
2381,1973,1
2382,1963,9
2383,2822,9
2384,2468,8
2385,2166,6
2386,2249,4
2388,2293,2
2389,2287,9
2391,1886,6
2393,2111,5
2394,2102,7
2395,2737,5
2396,2658,2
2397,2522,4
2398,2096,9
2400,1624,4
2401,1158,4
2402,1883,6
2403,1892,3
2405,2006,9
2406,1151,6
2407,2206,8
2409,1485,5
2411,1763,1
2412,2724,9
2413,1155,3
2414,1760,10
2415,1140,4
2416,1134,8
2417,1146,1
2418,1133,9
2419,1143,7
2421,1619,5
2423,2637,8
2424,2204,3
2425,1116,2
2426,1753,9
2427,1843,2
2428,1121,4
2430,1114,9
2431,1122,3
2433,2719,8
2434,1315,6
2436,1118,8
2437,1321,7
2438,1096,10
2439,1094,8
2441,1091,2
2443,1090,9
2444,1077,8
2446,2088,4
2447,1585,6
2448,1064,5
2449,1277,8
2450,2401,8
2451,1568,1
2452,2505,1
2453,2507,6
2454,1958,4
2455,2555,9
2456,2070,5
2457,2621,4
2458,2327,9
2459,2329,10
2460,2250,9
2461,2470,2
2462,2811,2
2463,2071,6
2464,2453,5
2465,1957,1
2467,1832,6
2468,1557,2
2472,2792,4
2473,2776,7
2474,2620,3
2475,1674,10
2478,1582,9
2480,1924,1
2481,1552,3
2482,1556,9
2483,2814,9
2484,2233,10
2485,1825,3
2486,1938,8
2488,2004,7
2491,1471,1
2492,2484,10
2494,1738,8
2496,2569,6
2497,2356,9
2498,1726,10
2500,2024,3
2501,1212,1
2503,2215,6
2504,1366,4
2505,2300,4
2509,1916,1
2511,2122,6
2512,2772,5
2513,1516,9
2514,2121,7
2515,1359,10
2517,1195,6
2519,1355,8
2520,1905,10
2522,2749,10
2523,2709,8
2524,2434,10
2525,1139,10
2527,2115,9
2528,1282,9
2529,1172,7
2530,1323,9
2532,1171,7
2533,2767,7
2535,1173,10
2536,1329,7
2537,1770,10
2538,1458,5
2540,2281,7
2541,1100,3
2543,1099,10
2544,1081,1
2545,2564,10
2546,2350,7
2548,1067,2
2549,1418,3
2552,2585,5
2553,2586,8
2554,2152,4
2556,2239,6
2557,2676,7
2558,2449,8
2559,2450,1
2561,2546,7
2562,2821,9
2563,2241,10
2564,2544,4
2565,2146,1
2567,2048,3
2568,1851,3
2571,2499,3
2573,2793,5
2574,2670,2
2576,2562,5
2577,2539,7
2578,1786,7
2579,1925,3
2580,2119,6
2581,1787,8
2582,1804,6
2583,2819,3
2584,2374,2
2587,2379,10
2588,2201,1
2589,2200,1
2590,2601,8
2591,1746,9
2592,2572,3
2593,1993,9
2594,1987,2
2595,2718,8
2596,2629,7
2597,2476,3
2598,1976,9
2599,2170,1
2601,1261,3
2603,2051,6
2604,1255,2
2605,2148,10
2606,1254,6
2607,2310,8
2610,1547,5
2611,1937,1
2612,2745,4
2614,1927,9
2615,1243,4
2616,1238,2
2618,1235,1
2619,1244,7
2620,1673,8
2621,1808,10
2622,2708,8
2623,2671,5
2624,2304,2
2626,1910,8
2627,1917,7
2628,1285,6
2629,1227,9
2630,1167,8
2631,1213,9
2632,1214,7
2633,2739,7
2635,1223,4
2636,1197,5
2637,1524,1
2638,1113,6
2639,1111,2
2640,2104,9
2641,1109,9
2642,1992,6
2643,1106,8
2644,1086,3
2645,2477,6
2646,2182,6
2648,1071,1
2649,1279,10
2650,2245,9
2651,1266,1
2652,2388,1
2653,2392,2
2654,1695,5
2655,2451,2
2656,1827,6
2657,2549,2
2658,2156,3
2659,2157,2
2660,2060,1
2662,2797,6
2663,1829,5
2664,2321,1
2665,1686,8
2666,1251,9
2667,1553,2
2668,1249,4
2669,1684,10
2670,2153,5
2671,2240,4
2672,2780,9
2673,2744,8
2674,2542,7
2675,1372,8
2676,2303,5
2680,1644,7
2681,1239,7
2682,1246,9
2683,2791,1
2684,2030,6
2686,1655,8
2688,1752,9
2689,1750,6
2690,2426,10
2692,2363,8
2693,1465,10
2694,1449,9
2695,2633,1
2696,2475,10
2697,2189,8
2698,1439,2
2699,1711,3
2700,2226,10
2701,1247,2
2702,2377,2
2703,2382,1
2704,1670,8
2705,2441,2
2706,1806,10
2707,2541,7
2708,2138,5
2709,2139,10
2710,2040,10
2711,2341,5
2712,2794,9
2713,1810,8
2714,2305,7
2715,1664,6
2716,1218,4
2717,1534,3
2718,1211,6
2719,1660,4
2720,2135,5
2722,2778,4
2723,2741,8
2724,2537,10
2727,2298,8
2728,1283,1
2729,1363,8
2730,1625,6
2731,1194,3
2732,1204,5
2733,2789,5
2734,2013,1
2735,1507,6
2736,1632,6
2737,2020,7
2738,1747,3
2739,1744,10
2740,2423,5
2742,2360,1
2743,1457,1
2744,1447,8
2745,2630,8
2746,2471,3
2747,2184,6
2748,1435,6
2749,1583,4
2750,2387,6
2752,2496,6
2753,2500,7
2754,1939,1
2756,2053,3
2758,2314,1
2759,2318,3
2760,2238,2
2761,2447,4
2762,2815,9
2763,2057,8
2765,1934,6
2767,1813,8
2768,1533,8
2770,2312,5
2771,2385,7
2773,2773,4
2774,2615,4
2775,1641,7
2777,2464,6
2778,1519,4
2779,1662,9
2780,1899,7
2782,1530,4
2783,2808,6
2786,1907,3
2788,1999,10
2789,1995,5
2790,2524,2
2791,1462,3
2793,1745,1
2794,1733,1
2795,2679,1
2798,1722,1
2799,1970,3
2800,2055,1
2801,931,4
2802,2228,5
2803,2235,5
2804,1404,9
2807,2445,6
2808,1942,8
2809,1945,2
2810,1818,2
2811,2177,5
2812,2775,9
2813,1549,3
2814,2142,1
2815,1398,6
2816,917,9
2817,1250,9
2818,517,3
2819,1395,7
2821,2045,10
2822,2750,10
2823,2711,5
2824,2440,3
2825,1017,10
2826,2124,3
2827,2132,2
2828,906,9
2829,1036,5
2830,1348,10
2832,915,10
2833,2769,1
2834,1777,6
2835,1230,1
2836,1361,9
2837,1792,3
2840,2283,7
2841,843,9
2842,2198,1
2843,1108,1
2844,1088,3
2845,2567,4
2846,2353,7
2848,1073,1
2849,1420,10
2851,882,4
2852,2207,1
2854,1340,9
2855,2290,5
2856,1490,2
2857,2432,5
2858,1895,2
2859,1896,6
2860,1768,5
2861,2116,4
2862,2771,5
2863,1494,1
2864,2112,8
2865,1337,10
2867,1160,4
2868,313,4
2869,1332,2
2870,1893,5
2872,2748,10
2873,2706,10
2874,2430,5
2875,975,9
2876,2171,10
2877,2109,9
2878,860,6
2879,984,9
2882,863,1
2883,2766,10
2884,1754,9
2885,1135,6
2886,1318,10
2887,1758,1
2888,1453,9
2889,1452,10
2890,2279,1
2891,837,9
2892,2192,4
2893,1093,9
2894,1080,3
2895,2563,2
2897,1978,1
2898,1065,7
2899,1287,8
2901,1571,3
2902,2508,10
2903,2510,6
2905,2557,1
2906,2074,2
2907,2623,2
2908,2333,9
2909,2334,5
2910,2258,3
2911,2460,9
2912,2812,10
2913,2075,5
2914,2459,3
2916,1570,2
2917,1841,7
2918,1567,3
2919,1962,5
2920,2332,3
2921,2404,8
2922,2801,9
2923,2777,6
2924,2622,7
2925,1696,4
2926,2467,7
2927,2469,10
2928,1564,6
2929,1705,2
2930,1947,10
2931,1565,5
2932,1566,7
2933,2809,5
2934,2248,8
2935,1834,9
2936,1951,7
2937,2251,2
2938,2009,1
2939,2005,10
2940,2533,5
2941,1477,7
2942,2486,4
2947,2358,10
2948,1730,7
2949,1864,2
2952,2645,10
2953,2648,5
2954,2323,1
2957,2714,2
2958,2551,10
2960,2503,4
2961,2619,2
2963,2394,8
2964,2617,9
2965,2322,4
2966,2049,10
2967,2242,7
2968,2047,9
2969,2320,10
2971,2587,2
2972,2820,3
2973,2810,5
2975,2130,5
2977,2628,9
2978,2037,4
2979,2143,2
2980,2297,5
2981,2038,1
2982,2046,4
2984,2494,4
2985,2230,5
2986,2302,6
2987,2497,9
2988,2367,5
2990,2675,1
2995,2753,8
2996,2678,4
2997,2568,4
2999,2337,6
3000,1536,2
3001,532,2
3004,796,5
3005,1929,2
3007,2137,7
3008,1391,5
3009,1392,3
3010,1242,2
3011,1669,4
3012,2713,7
3013,925,2
3014,1661,4
3015,792,9
3017,683,10
3018,497,2
3019,788,9
3020,1386,9
3021,1529,7
3023,2614,2
3024,2129,10
3025,387,9
3026,1718,2
3028,467,7
3030,751,7
3031,471,3
3032,494,2
3033,2715,4
3034,1175,4
3036,764,2
3037,1198,4
3038,846,2
3039,842,3
3040,1877,6
3041,142,1
3042,1741,3
3044,598,6
3046,1983,2
3047,1446,10
3049,811,7
3050,2236,10
3051,1262,8
3052,2383,1
3053,2386,3
3055,2448,2
3056,1816,7
3057,2543,4
3058,2150,1
3059,2151,6
3060,2056,1
3062,2795,8
3063,1821,8
3064,2311,5
3065,1677,5
3066,1240,3
3068,1235,1
3069,1676,8
3070,2144,1
3071,2232,1
3072,2779,1
3073,2742,10
3074,2540,10
3076,2339,2
3077,2301,5
3078,1215,4
3079,1382,9
3080,1631,7
3081,1216,5
3082,1233,9
3083,2790,8
3084,2019,2
3085,1527,7
3086,1646,4
3087,2032,5
3088,1749,6
3089,1748,5
3090,2424,6
3091,1110,3
3094,1448,2
3095,2631,4
3096,2473,2
3097,2186,7
3099,1709,9
3100,2236,10
3101,1262,8
3102,2383,1
3103,2386,3
3105,2448,2
3106,1816,7
3107,2543,4
3108,2150,1
3109,2151,6
3110,2056,1
3112,2796,5
3113,1821,8
3114,2311,5
3115,1677,5
3116,1240,3
3118,1235,1
3119,1676,8
3120,2144,1
3121,2232,1
3122,2779,1
3123,2743,1
3124,2540,10
3126,2339,2
3127,2340,9
3128,1215,4
3129,1382,9
3130,1631,7
3131,1286,9
3132,1233,9
3133,2790,8
3134,2019,2
3135,1527,7
3136,1646,4
3137,2032,5
3138,1749,6
3139,1748,5
3140,2424,6
3141,1110,3
3144,1448,2
3145,2631,4
3146,2473,2
3147,2186,7
3149,1709,9
